{"epoch":10,"loss":0.18590860664844513,"_timestamp":1.7490971203793333e+09,"_runtime":27.293009882,"_step":9,"_wandb":{"runtime":27}}