{"_runtime":268.419642845,"_step":99,"epoch":100,"loss":0.012692482322454452,"_wandb":{"runtime":269},"_timestamp":1.749097429608591e+09}