{"_timestamp":1.749097521248015e+09,"_runtime":11.366360706,"_step":3,"epoch":4,"_wandb":{"runtime":12},"loss":0.014246153123676776}